{
    "timestamp": "2025-05-02T15:30:45.123Z",
    "aiStatus": true,
    "aoStatus": true,
    "ethernetStatus": true,
    "serialStatus": true,
    "satelliteRemoteControlStatus": true,

    "doorOpen": false,
    "powerAvailable": true,

    "waterLevel": 12.3,
    "waterLevel2": 23.4,
    "rainFall": 345.6,
    "batteryVoltage": 220.0,

    "rtuId": 1,
    "groupId": 1,
    "damCode": 1234567,

    "eth0UserType": true,
    "eth0IpAddress": "192.168.0.137",
    "eth0SubnetMask": "255.255.255.0",
    "eth0Gateway": "192.168.0.1",

    "eth1UserType": true,
    "eth1IpAddress": "192.168.1.138",
    "eth1SubnetMask": "255.255.255.0",
    "eth1Gateway": "192.168.0.1",

    "diData": "00000 00000 00000 00000 1 0",
    "doData": "1 0 0 0 1 0 0 1",
    "aiData": "F280 C600 800B 800D C802 C805 C801 CA00",
    "aoData": [3.8, 4.2, 2.5, 3.1],

    "sensorAlert": false,
    "pulsePerMm": 0.5
}


